District,Radius,NoPros,NoVehicle
CENTRAL,6.168798803788005,44,552
NORTHERN,6.676192058481475,42,945
SOUTHERN,10.0,96,795
PARK,3.1038378468184087,1,640
MISSION,6.1611563382621695,66,1198
TENDERLOIN,3.5670377139059646,23,113
RICHMOND,3.0177770393753116,9,561
TARAVAL,3.9760757600930385,81,789
INGLESIDE,4.457218807110816,5,1368
BAYVIEW,4.888187406545938,7,985
