,Xc,Yc,labels
0,-122.417092485,37.7874202205,0
1,-122.415825075,37.7613459157,1
2,-122.478114749,37.7389064857,2
3,0.0,0.0,10
4,0.0,0.0,10
5,0.0,0.0,10
