,Xc,Yc,labels
0,-122.417077535,37.787422787,0
1,-122.415793643,37.761446656,1
2,-122.466324981,37.7188142471,2
3,-122.486397828,37.7585723047,3
4,0.0,0.0,10
5,0.0,0.0,10
