,Xc,Yc,labels
0,-122.415842552,37.7614255461,0
1,-122.418777723,37.7876558977,1
2,-122.486397828,37.7585723047,2
3,-122.404587269,37.7855075035,3
4,-122.466324981,37.7188142471,4
5,0.0,0.0,10
