,Xc,Yc,labels
0,-122.415997851,37.7617102102,0
1,-122.418769977,37.787654471,1
2,-122.486365725,37.7586892476,2
3,-122.405403204,37.7275776176,3
4,-122.404531353,37.7855008638,4
5,-122.469521432,37.7191735199,5
