,Xc,Yc,labels
0,-122.419242974,37.7600042546,0
1,-122.417207619,37.7873899588,1
2,0.0,0.0,10
3,0.0,0.0,10
4,0.0,0.0,10
5,0.0,0.0,10
