District,Radius,NoPros,NoVehicle
CENTRAL,5.302039545383776,70,1193
NORTHERN,7.385567491826249,581,1879
SOUTHERN,10.0,18,1426
PARK,3.199050288027401,2,1207
MISSION,8.237194457418651,713,2063
TENDERLOIN,4.957574342207691,527,371
RICHMOND,2.9939280709948624,15,1081
TARAVAL,4.409543826872178,10,1665
INGLESIDE,5.45228086563911,5,2319
BAYVIEW,6.126031449478438,11,2121
